org,max_slope,r2,intercept
Granulosicoccus antarcticus,0.13633658955686334,0.940605892322286,-0.8901220411704044
Kocuria varians,0.030362828856342408,0.9072417475036598,-1.2074750540540184
Mobilicoccus massiliensis,0.11147859083996078,0.979817100711778,-0.7947595297790562
Mycolicibacterium obuense,0.053872633309692095,0.9553048748080794,-2.6517610633622164
XC,0.07646289101600137,0.9329392515710886,-2.4191041753283593
