org,max_slope,r2,intercept
Kytococcus sedentarius,0.06899057223435559,0.9082667333345514,-3.456047972518699
