org,max_slope,r2,intercept
Actinoplanes atraurantiacus,0.14368493091341297,0.992463919899921,-2.720320179370866
Chromatocurvus halotolerans,0.016444884144342056,0.9513419380756446,-1.8075642740908155
Granulosicoccus antarcticus,0.04687257465120536,0.9613900254533285,-1.9701761162439504
Halobacteriovorax marinus,0.02010890806813193,0.9634917421794648,-1.6649100577113172
Kytococcus sedentarius,0.07611328100126923,0.9803098426393339,-1.3803048382553
Mobilicoccus massiliensis,0.09412418626004418,0.981020012117331,-2.9514562511586195
Thermomonas haemolytica,0.01074603023746738,0.9016026459885544,-1.7824863245035332
XC,0.03066708226957921,0.9017230545754448,-1.7490280007783992
