org,max_slope,r2,intercept
Granulosicoccus antarcticus,0.1137677232116494,0.9592970926803591,-1.6957865890030868
Mobilicoccus massiliensis,0.0987901211719188,0.9927500363141365,-1.7413590847559028
Mycolicibacterium obuense,0.08088000935107487,0.927485943358733,-2.4995697907804595
Halobacteriovorax marinus,0.026652536813722018,0.9140328624225693,-3.5716369082271924
