org,max_slope,r2,intercept
Granulosicoccus antarcticus,0.07058804677057064,0.9958189098183544,-1.1737096412570172
Kytococcus sedentarius,0.055842972139695454,0.9944001264346142,-1.6201731074262005
Halobacteriovorax marinus,0.017134905152330772,0.9620808032627666,-2.0542705482956407
Actinoplanes atraurantiacus,0.009106512092283164,0.9425073553875367,-1.4405321226349646
