org,max_slope,r2,intercept
Arenimonas oryziterrae,0.06679797067802297,0.9937033325230876,-1.9841755395056198
Chromatocurvus halotolerans,0.059007352465837264,0.9221706120142129,-2.038297945317128
