org,max_slope,r2,intercept
Halobacteriovorax marinus,0.04442889272610639,0.9625672507842556,-4.453753077592097
Kocuria flava,0.021372625087795357,0.9056839128255507,-0.829818983069765
Pseudoxanthomonas,0.11221325462811536,0.9944033109539259,-2.3795840591506314
Xanthomonas translucens,0.08621695154202903,0.9956244584296075,-1.8478103772221517
