org,max_slope,r2,intercept
Kytococcus sedentarius,0.1132490799743187,0.9859735119527396,-2.157508850325348
Granulosicoccus antarcticus,0.06895389157943319,0.9438054526183203,-1.7024211491955565
