org,max_slope,r2,intercept
Granulosicoccus antarcticus,0.20494990290554893,0.9902996524032177,-1.9630374977143128
Mobilicoccus massiliensis,0.1351409838869588,0.9966935645365227,-1.8329362753760896
Actinoplanes atraurantiacus,0.05109974944924567,0.9523646404416224,-3.2190651383752913
Kytococcus sedentarius,0.04720380613245766,0.9315441625938146,-1.5634200537007892
Brachybacterium paraconglomeratum,0.03996282460744759,0.9599204233742489,-11.492952934160968
Mycolicibacterium obuense,0.031150743328378815,0.9674878910712315,-3.1842777011929817
Halobacteriovorax marinus,0.030521823335157315,0.987670010507393,-11.496798467859984
Brevibacterium antiquum,0.026155390252447543,0.9685236939230986,-11.808769189535717
Chloroflexi bacterium RBG 13 51 36,0.024357447218391032,0.9655004854621122,-11.596296251291413
