org,max_slope,r2,intercept
Actinoplanes atraurantiacus,0.03782375688094267,0.9325088548754535,-2.5631467176197797
Brachybacterium paraconglomeratum,0.16898084709521863,0.9876096438954807,-3.979498839907209
Brevibacterium antiquum,0.11620872571766526,0.9576495711476056,-4.035296301351183
Chloroflexi bacterium RBG 13 51 36,0.15129630135116695,0.9098406435184485,-4.951439333970264
Halobacteriovorax marinus,0.10295073017606117,0.9721836135179466,-3.251878440471333
Kytococcus sedentarius,0.06541485828670217,0.9553831619760494,-2.3330374414267028
Mobilicoccus massiliensis,0.09700705154451571,0.9682627071856155,-3.5494649015058615
