org,max_slope,r2,intercept
Dermabacter hominis,0.15700229359470946,0.9142242899708215,-2.803144837203593
Okibacterium fritillariae,0.13319371092407833,0.9018998769487369,-2.8948022916163536
Arenimonas oryziterrae,0.11940125849415276,0.951116261875837,-4.1801019314059396
Mobilicoccus massiliensis,0.10466417758857195,0.9165332104837067,-3.530344384953025
Kytococcus sedentarius,0.07906277335625636,0.9231826396623025,-1.4980014242850466
Silanimonas lenta,0.0772513222306672,0.9232107009036177,-2.3700392562559043
