activity,abbrev
1.8573562486131185,7Ph heptanoate
5.430949762717918,Azido
0.06899057223435559,benzoate
0.2938082999235936,Biotin
5.3894818622441285,Butoxy
1.0203490701144615,ClPh propionate
1.0037348517846312,decanoate
0.37876877289650707,dimethyl
0.9476944851686615,dodecanoate
9.531154567113553,heptynoate
7.745303951918557,hexanoate
0.4387618775454523,TMA
